Alla får inte alls ligga,200,Löfstrand Pelle,24ad8d78-8a3d-48f8-877c-0a8ae91e9e01
Alla får ligga,1502,Fexeus Henrik,9660f9d1-3a21-42ec-a977-39136cb10162
Allan köper tuggummi,12,Allan,8a1f48a0-8689-487b-a326-f8c49e504a7c
En jävla bok,199,Av mig,1cd19fe7-eb2e-4521-9d72-fbfd360750c2
En jävla bok,199,Av mig,7f6a0745-2c7e-4d54-a087-91fd026815c9
Fem gånger mer kärlek,1400,Frost Martin,4ddcee1f-5b1f-4476-8388-4d165d184f68
Kalles,1200,kalle,0ba0f7c3-f403-4991-8475-0de1c625572b
Nisses,173,Hult Nisse,21327e6a-5a96-4ead-b144-f2f2ae976db9
Någon bok,100,Markus,4f4d10b1-b0e3-407a-9181-f5d71d597115
Ytterligare en jävla bok,400,Hult Nisse,ebcfd6a5-b68a-4a80-bafe-65ea66f79dcf
